{
  "created_at_utc": "2026-05-11T08:49:01.337541+00:00",
  "train_trace": "/root/WREC/logs/processed/wrec/qwen_single_gpu_20260511/train_n256.jsonl",
  "model_path": "/root/WREC/models/qwen1.5-MoE-A2.7B",
  "total_slots": 192,
  "num_layers": 24,
  "num_experts": 60,
  "expert_bytes": 17301504.0,
  "bandwidth_gbps": 41.37220609315469,
  "expert_refs": 75648,
  "router_events": 18912,
  "shadow_hits": 18608,
  "shadow_misses": 57040,
  "shadow_hit_rate": 0.2459813874788494,
  "shadow_miss_rate": 0.7540186125211505,
  "would_admit": 53523,
  "would_bypass": 3517,
  "would_evict": 53523,
  "final_resident": 192,
  "demand_transfer_bytes": 986877788160.0,
  "stall_ms": 23853.641885519024,
  "timing": {
    "load_seconds": 8.062737293541431,
    "prior_seconds": 5.2724022921174765,
    "online_loop_seconds": 46.874399585,
    "online_loop_us_per_expert_ref": 619.6383193871617,
    "online_loop_us_per_router_event": 2478.5532775486467,
    "history_update_us_per_expert_ref": 3.7626811151649746,
    "decision_us_per_miss": 793.8241447405329
  },
  "claim_boundary": {
    "does_control_real_expert_loading": false,
    "does_measure_end_to_end_latency": false,
    "integration_boundary": "HTTP sidecar /event API for runtime hooks"
  }
}
