{
  "created_at_utc": "2026-05-14T06:28:54.873678+00:00",
  "train_trace": "/root/WREC/logs/processed/wrec/qwen_single_gpu_20260511/train_n256.jsonl",
  "model_path": "/root/WREC/models/qwen1.5-MoE-A2.7B",
  "total_slots": 192,
  "num_layers": 24,
  "num_experts": 60,
  "expert_bytes": 17301504.0,
  "bandwidth_gbps": 41.37220609315469,
  "expert_refs": 818496,
  "router_events": 204624,
  "shadow_hits": 185993,
  "shadow_misses": 632503,
  "shadow_hit_rate": 0.22723751857064664,
  "shadow_miss_rate": 0.7727624814293533,
  "would_admit": 596279,
  "would_bypass": 36224,
  "would_evict": 596279,
  "final_resident": 192,
  "demand_transfer_bytes": 10943253184512.0,
  "stall_ms": 264507.3641920835,
  "timing": {
    "load_seconds": 6.278430283069611,
    "prior_seconds": 5.472166828811169,
    "online_loop_seconds": 521.02195124,
    "online_loop_us_per_expert_ref": 636.560167966612,
    "online_loop_us_per_router_event": 2546.240671866448,
    "history_update_us_per_expert_ref": 3.8092463762803974,
    "decision_us_per_miss": 795.6676790102181
  },
  "claim_boundary": {
    "does_control_real_expert_loading": false,
    "does_measure_end_to_end_latency": false,
    "integration_boundary": "HTTP sidecar /event API for runtime hooks"
  }
}
