{
  "window_start": 1778755486.1619582,
  "window_end": 1778756933.9324157,
  "sample_count": 1386,
  "per_gpu": [
    {
      "gpu_index": 0,
      "sample_count": 1386,
      "memory_total_mib": 24564.0,
      "peak_memory_used_mib": 17441.0,
      "avg_memory_used_mib": 17441.0,
      "peak_memory_utilization": 0.7100227975899691
    }
  ]
}
