{
  "window_start": 1778753622.5889988,
  "window_end": 1778755314.5235236,
  "sample_count": 1621,
  "per_gpu": [
    {
      "gpu_index": 0,
      "sample_count": 1621,
      "memory_total_mib": 24564.0,
      "peak_memory_used_mib": 17441.0,
      "avg_memory_used_mib": 17441.0,
      "peak_memory_utilization": 0.7100227975899691
    }
  ]
}
