{
  "created_at_utc": "2026-05-14T11:09:28.298785+00:00",
  "train_trace": "/root/WREC/logs/processed/wrec/qwen_single_gpu_20260511/train_n256.jsonl",
  "model_path": "/root/WREC/models/qwen1.5-MoE-A2.7B",
  "total_slots": 192,
  "num_layers": 24,
  "num_experts": 60,
  "expert_bytes": 17301504.0,
  "bandwidth_gbps": 41.37220609315469,
  "expert_refs": 818496,
  "router_events": 204624,
  "shadow_hits": 185992,
  "shadow_misses": 632504,
  "shadow_hit_rate": 0.2272362968175776,
  "shadow_miss_rate": 0.7727637031824224,
  "would_admit": 596280,
  "would_bypass": 36224,
  "would_evict": 596280,
  "final_resident": 192,
  "demand_transfer_bytes": 10943270486016.0,
  "stall_ms": 264507.78238356113,
  "timing": {
    "load_seconds": 7.883332494646311,
    "prior_seconds": 5.40130858682096,
    "online_loop_seconds": 515.533923744,
    "online_loop_us_per_expert_ref": 629.8551535303776,
    "online_loop_us_per_router_event": 2519.4206141215104,
    "history_update_us_per_expert_ref": 3.735943534238408,
    "decision_us_per_miss": 787.6740981037275
  },
  "claim_boundary": {
    "does_control_real_expert_loading": false,
    "does_measure_end_to_end_latency": false,
    "integration_boundary": "HTTP sidecar /event API for runtime hooks"
  }
}
