{
  "window_start": 1778750203.7836251,
  "window_end": 1778751976.4750423,
  "sample_count": 1697,
  "per_gpu": [
    {
      "gpu_index": 0,
      "sample_count": 1697,
      "memory_total_mib": 24564.0,
      "peak_memory_used_mib": 17441.0,
      "avg_memory_used_mib": 17441.0,
      "peak_memory_utilization": 0.7100227975899691
    }
  ]
}
