{
  "window_start": 1778752043.7728627,
  "window_end": 1778753546.8610258,
  "sample_count": 1438,
  "per_gpu": [
    {
      "gpu_index": 0,
      "sample_count": 1438,
      "memory_total_mib": 24564.0,
      "peak_memory_used_mib": 17441.0,
      "avg_memory_used_mib": 17441.0,
      "peak_memory_utilization": 0.7100227975899691
    }
  ]
}
