{
  "window_start": 1778810765.860543,
  "window_end": 1778810771.2145965,
  "sample_count": 5,
  "per_gpu": [
    {
      "gpu_index": 0,
      "sample_count": 5,
      "memory_total_mib": 24564.0,
      "peak_memory_used_mib": 17973.0,
      "avg_memory_used_mib": 17973.0,
      "peak_memory_utilization": 0.7316805080605765
    }
  ]
}
