{
  "window_start": 1776839912.986158,
  "window_end": 1776839922.8394263,
  "sample_count": 9,
  "per_gpu": [
    {
      "gpu_index": 1,
      "sample_count": 9,
      "memory_total_mib": 24564.0,
      "peak_memory_used_mib": 22275.0,
      "avg_memory_used_mib": 22275.0,
      "peak_memory_utilization": 0.9068148510014655
    }
  ]
}
