{
  "window_start": 1776849312.1815042,
  "window_end": 1776849321.2315674,
  "sample_count": 8,
  "per_gpu": [
    {
      "gpu_index": 1,
      "sample_count": 8,
      "memory_total_mib": 24564.0,
      "peak_memory_used_mib": 22275.0,
      "avg_memory_used_mib": 22275.0,
      "peak_memory_utilization": 0.9068148510014655
    }
  ]
}
