{
  "window_start": 1776862880.67613,
  "window_end": 1776863192.6054375,
  "sample_count": 298,
  "per_gpu": [
    {
      "gpu_index": 1,
      "sample_count": 298,
      "memory_total_mib": 24564.0,
      "peak_memory_used_mib": 22275.0,
      "avg_memory_used_mib": 22275.0,
      "peak_memory_utilization": 0.9068148510014655
    }
  ]
}
