{
  "window_start": 1777028102.2939725,
  "window_end": 1777028347.2695475,
  "sample_count": 468,
  "per_gpu": [
    {
      "gpu_index": 0,
      "sample_count": 234,
      "memory_total_mib": 24564.0,
      "peak_memory_used_mib": 21949.0,
      "avg_memory_used_mib": 21949.0,
      "peak_memory_utilization": 0.8935433968409053
    },
    {
      "gpu_index": 1,
      "sample_count": 234,
      "memory_total_mib": 24564.0,
      "peak_memory_used_mib": 21935.0,
      "avg_memory_used_mib": 21935.0,
      "peak_memory_utilization": 0.8929734570916789
    }
  ]
}
