{
  "window_start": 1776868836.0772314,
  "window_end": 1776872140.098215,
  "sample_count": 6322,
  "per_gpu": [
    {
      "gpu_index": 0,
      "sample_count": 3161,
      "memory_total_mib": 24564.0,
      "peak_memory_used_mib": 21949.0,
      "avg_memory_used_mib": 21949.0,
      "peak_memory_utilization": 0.8935433968409053
    },
    {
      "gpu_index": 1,
      "sample_count": 3161,
      "memory_total_mib": 24564.0,
      "peak_memory_used_mib": 21935.0,
      "avg_memory_used_mib": 21935.0,
      "peak_memory_utilization": 0.8929734570916789
    }
  ]
}
