{
  "window_start": 1776872223.8756914,
  "window_end": 1776875528.707936,
  "sample_count": 6324,
  "per_gpu": [
    {
      "gpu_index": 0,
      "sample_count": 3162,
      "memory_total_mib": 24564.0,
      "peak_memory_used_mib": 21949.0,
      "avg_memory_used_mib": 21949.0,
      "peak_memory_utilization": 0.8935433968409053
    },
    {
      "gpu_index": 1,
      "sample_count": 3162,
      "memory_total_mib": 24564.0,
      "peak_memory_used_mib": 21935.0,
      "avg_memory_used_mib": 21935.0,
      "peak_memory_utilization": 0.8929734570916789
    }
  ]
}
