{
  "window_start": 1778805200.4799035,
  "window_end": 1778805203.2009416,
  "sample_count": 3,
  "per_gpu": [
    {
      "gpu_index": 0,
      "sample_count": 3,
      "memory_total_mib": 24564.0,
      "peak_memory_used_mib": 17973.0,
      "avg_memory_used_mib": 17973.0,
      "peak_memory_utilization": 0.7316805080605765
    }
  ]
}
