{
  "created_at_utc": "2026-05-04T08:42:36.418947+00:00",
  "inputs": {
    "model_path": "/root/workspace/models/Mixtral-8x7B-Instruct-v0.1",
    "expert_bytes_override": null
  },
  "config": {
    "dtype": "float16",
    "device": "cuda:0",
    "assumed_bandwidth_gbps": 41.37,
    "repeats": 100,
    "warmups": 5
  },
  "device": {
    "index": 0,
    "name": "NVIDIA RTX PRO 6000 Blackwell Workstation Edition"
  },
  "expert": {
    "bytes": 352321536,
    "mib": 336.0
  },
  "assumed_reference": {
    "bandwidth_gbps": 41.37,
    "transfer_ms": 8.516353299492387
  },
  "measurements": {
    "pageable": {
      "available": true,
      "pinned": false,
      "nbytes": 352321536,
      "repeats": 100,
      "warmups": 5,
      "copy_ms": {
        "min": 23.346176147460938,
        "median": 23.455376625061035,
        "mean": 23.849332180023193,
        "p90": 24.816226959228516,
        "max": 27.84876823425293
      },
      "h2d_gbps": {
        "min": 12.651243065273453,
        "median": 15.020928737411719,
        "mean": 14.791593585178978,
        "p90": 15.070463381738303,
        "max": 15.09118811468907
      },
      "raw_copy_ms": [
        23.900127410888672,
        23.43097686767578,
        23.383359909057617,
        23.379615783691406,
        23.390880584716797,
        23.400575637817383,
        23.405920028686523,
        24.95680046081543,
        27.84876823425293,
        27.402271270751953,
        27.714975357055664,
        24.800607681274414,
        24.156095504760742,
        24.226335525512695,
        23.558624267578125,
        23.584800720214844,
        24.2139835357666,
        23.461023330688477,
        23.64556884765625,
        23.41747283935547,
        23.38755226135254,
        23.374752044677734,
        23.726720809936523,
        23.40768051147461,
        23.96953582763672,
        23.96633529663086,
        25.230016708374023,
        25.205215454101562,
        25.26736068725586,
        23.463455200195312,
        23.42313575744629,
        24.277408599853516,
        23.572032928466797,
        23.57859230041504,
        23.597984313964844,
        23.46451187133789,
        26.357280731201172,
        24.778175354003906,
        24.316768646240234,
        23.782560348510742,
        23.414207458496094,
        23.452640533447266,
        25.496864318847656,
        23.495935440063477,
        23.43769645690918,
        23.375200271606445,
        23.346176147460938,
        23.417919158935547,
        23.36204719543457,
        23.370943069458008,
        23.440832138061523,
        23.43391990661621,
        23.54035186767578,
        23.397151947021484,
        23.40233612060547,
        23.458112716674805,
        23.42265510559082,
        23.388639450073242,
        23.42835235595703,
        23.407264709472656,
        23.396575927734375,
        23.423072814941406,
        23.364288330078125,
        23.699167251586914,
        23.425695419311523,
        23.361791610717773,
        23.446720123291016,
        23.43302345275879,
        23.880512237548828,
        24.55776023864746,
        23.429983139038086,
        24.19331169128418,
        23.61078453063965,
        23.40870475769043,
        23.352479934692383,
        23.646175384521484,
        23.696928024291992,
        23.60032081604004,
        23.446048736572266,
        23.397151947021484,
        23.399999618530273,
        23.41846466064453,
        23.378623962402344,
        23.402944564819336,
        23.719263076782227,
        23.365888595581055,
        23.3734073638916,
        23.39958381652832,
        23.40300750732422,
        23.99782371520996,
        23.46454429626465,
        23.402080535888672,
        23.4816951751709,
        26.14236831665039,
        23.589344024658203,
        23.41142463684082,
        23.893888473510742,
        23.836000442504883,
        23.413951873779297,
        23.753311157226562
      ]
    },
    "pinned": {
      "available": true,
      "pinned": true,
      "nbytes": 352321536,
      "repeats": 100,
      "warmups": 5,
      "copy_ms": {
        "min": 8.441823959350586,
        "median": 8.46726369857788,
        "mean": 8.468275241851806,
        "p90": 8.485136127471923,
        "max": 8.53382396697998
      },
      "h2d_gbps": {
        "min": 41.28530625464524,
        "median": 41.60984570544515,
        "mean": 41.60507561573078,
        "p90": 41.71280036374294,
        "max": 41.73523846226988
      },
      "raw_copy_ms": [
        8.471232414245605,
        8.484928131103516,
        8.44655990600586,
        8.488032341003418,
        8.443455696105957,
        8.470463752746582,
        8.44262409210205,
        8.474271774291992,
        8.494784355163574,
        8.484160423278809,
        8.46009635925293,
        8.487008094787598,
        8.447744369506836,
        8.48083209991455,
        8.451168060302734,
        8.452032089233398,
        8.445247650146484,
        8.476799964904785,
        8.45680046081543,
        8.522368431091309,
        8.441823959350586,
        8.483488082885742,
        8.45257568359375,
        8.460512161254883,
        8.462976455688477,
        8.480511665344238,
        8.464384078979492,
        8.46787166595459,
        8.471424102783203,
        8.470975875854492,
        8.446368217468262,
        8.513376235961914,
        8.454239845275879,
        8.468000411987305,
        8.44700813293457,
        8.47913646697998,
        8.464256286621094,
        8.472960472106934,
        8.445216178894043,
        8.459936141967773,
        8.443360328674316,
        8.48310375213623,
        8.472000122070312,
        8.525376319885254,
        8.461055755615234,
        8.472640037536621,
        8.459456443786621,
        8.463744163513184,
        8.456480026245117,
        8.480735778808594,
        8.451552391052246,
        8.4782075881958,
        8.457152366638184,
        8.46735954284668,
        8.483839988708496,
        8.53382396697998,
        8.457375526428223,
        8.471232414245605,
        8.458463668823242,
        8.464608192443848,
        8.462400436401367,
        8.47548770904541,
        8.462752342224121,
        8.468352317810059,
        8.462623596191406,
        8.467167854309082,
        8.446111679077148,
        8.516927719116211,
        8.456352233886719,
        8.461440086364746,
        8.449407577514648,
        8.474495887756348,
        8.460160255432129,
        8.473919868469238,
        8.446335792541504,
        8.473343849182129,
        8.443424224853516,
        8.472672462463379,
        8.507583618164062,
        8.45628833770752,
        8.466464042663574,
        8.474528312683105,
        8.453727722167969,
        8.473567962646484,
        8.463359832763672,
        8.479840278625488,
        8.446847915649414,
        8.47276782989502,
        8.467583656311035,
        8.474080085754395,
        8.508959770202637,
        8.471232414245605,
        8.444576263427734,
        8.468352317810059,
        8.446751594543457,
        8.477439880371094,
        8.458271980285645,
        8.475647926330566,
        8.455391883850098,
        8.481663703918457
      ]
    }
  }
}
