{
  "model": "qwen1.5-moe-a2.7b",
  "model_path": "qwen1.5-MoE-A2.7B",
  "request_file": "data/prompts/debug_requests.jsonl",
  "output": "logs/processed/wrec/qwen_debug_router_events_smoke_n1_20260428.jsonl",
  "phase": "prefill",
  "num_requests": 1,
  "num_failures": 0,
  "total_input_tokens": 49,
  "total_events": 1176,
  "num_experts": 60,
  "num_experts_per_tok": 4,
  "router_top_k": 4,
  "num_router_layers": 24,
  "elapsed_seconds": 0.4642576389014721,
  "request_summaries": [
    {
      "request_id": "dbg-0001",
      "input_tokens": 49,
      "events": 1176,
      "trace_seconds": 0.46400096639990807
    }
  ],
  "layer_event_counts": {
    "0": 49,
    "1": 49,
    "2": 49,
    "3": 49,
    "4": 49,
    "5": 49,
    "6": 49,
    "7": 49,
    "8": 49,
    "9": 49,
    "10": 49,
    "11": 49,
    "12": 49,
    "13": 49,
    "14": 49,
    "15": 49,
    "16": 49,
    "17": 49,
    "18": 49,
    "19": 49,
    "20": 49,
    "21": 49,
    "22": 49,
    "23": 49
  },
  "top_experts_by_layer": {
    "0": [
      [
        23,
        9
      ],
      [
        36,
        8
      ],
      [
        54,
        7
      ],
      [
        25,
        7
      ],
      [
        19,
        6
      ],
      [
        22,
        6
      ],
      [
        2,
        6
      ],
      [
        32,
        6
      ]
    ],
    "1": [
      [
        25,
        10
      ],
      [
        52,
        10
      ],
      [
        56,
        9
      ],
      [
        34,
        9
      ],
      [
        28,
        8
      ],
      [
        5,
        8
      ],
      [
        1,
        7
      ],
      [
        3,
        7
      ]
    ],
    "2": [
      [
        51,
        10
      ],
      [
        17,
        10
      ],
      [
        57,
        9
      ],
      [
        45,
        8
      ],
      [
        52,
        7
      ],
      [
        36,
        7
      ],
      [
        32,
        7
      ],
      [
        59,
        6
      ]
    ],
    "3": [
      [
        52,
        10
      ],
      [
        27,
        9
      ],
      [
        53,
        9
      ],
      [
        19,
        8
      ],
      [
        7,
        8
      ],
      [
        46,
        7
      ],
      [
        24,
        7
      ],
      [
        11,
        6
      ]
    ],
    "4": [
      [
        42,
        14
      ],
      [
        50,
        9
      ],
      [
        36,
        8
      ],
      [
        5,
        8
      ],
      [
        23,
        7
      ],
      [
        53,
        7
      ],
      [
        13,
        7
      ],
      [
        7,
        7
      ]
    ],
    "5": [
      [
        35,
        12
      ],
      [
        14,
        11
      ],
      [
        47,
        8
      ],
      [
        18,
        8
      ],
      [
        43,
        7
      ],
      [
        27,
        7
      ],
      [
        33,
        7
      ],
      [
        37,
        6
      ]
    ],
    "6": [
      [
        2,
        12
      ],
      [
        6,
        10
      ],
      [
        17,
        9
      ],
      [
        4,
        8
      ],
      [
        22,
        7
      ],
      [
        42,
        7
      ],
      [
        58,
        7
      ],
      [
        40,
        6
      ]
    ],
    "7": [
      [
        56,
        12
      ],
      [
        38,
        10
      ],
      [
        39,
        8
      ],
      [
        32,
        8
      ],
      [
        36,
        8
      ],
      [
        14,
        7
      ],
      [
        7,
        6
      ],
      [
        35,
        6
      ]
    ],
    "8": [
      [
        31,
        11
      ],
      [
        48,
        11
      ],
      [
        19,
        8
      ],
      [
        51,
        8
      ],
      [
        54,
        7
      ],
      [
        2,
        7
      ],
      [
        37,
        7
      ],
      [
        41,
        6
      ]
    ],
    "9": [
      [
        30,
        14
      ],
      [
        11,
        10
      ],
      [
        12,
        10
      ],
      [
        34,
        10
      ],
      [
        51,
        9
      ],
      [
        55,
        8
      ],
      [
        37,
        8
      ],
      [
        38,
        8
      ]
    ],
    "10": [
      [
        18,
        12
      ],
      [
        44,
        12
      ],
      [
        43,
        12
      ],
      [
        40,
        9
      ],
      [
        35,
        8
      ],
      [
        15,
        7
      ],
      [
        30,
        7
      ],
      [
        38,
        6
      ]
    ],
    "11": [
      [
        36,
        15
      ],
      [
        8,
        9
      ],
      [
        1,
        9
      ],
      [
        34,
        9
      ],
      [
        6,
        8
      ],
      [
        56,
        7
      ],
      [
        2,
        6
      ],
      [
        32,
        6
      ]
    ],
    "12": [
      [
        16,
        16
      ],
      [
        48,
        13
      ],
      [
        3,
        7
      ],
      [
        53,
        7
      ],
      [
        27,
        6
      ],
      [
        52,
        6
      ],
      [
        4,
        6
      ],
      [
        12,
        6
      ]
    ],
    "13": [
      [
        48,
        10
      ],
      [
        49,
        9
      ],
      [
        20,
        8
      ],
      [
        18,
        8
      ],
      [
        17,
        7
      ],
      [
        45,
        7
      ],
      [
        32,
        6
      ],
      [
        23,
        6
      ]
    ],
    "14": [
      [
        58,
        11
      ],
      [
        35,
        10
      ],
      [
        2,
        8
      ],
      [
        22,
        8
      ],
      [
        39,
        7
      ],
      [
        20,
        6
      ],
      [
        13,
        6
      ],
      [
        28,
        6
      ]
    ],
    "15": [
      [
        24,
        9
      ],
      [
        0,
        8
      ],
      [
        46,
        7
      ],
      [
        44,
        7
      ],
      [
        26,
        7
      ],
      [
        39,
        6
      ],
      [
        19,
        6
      ],
      [
        59,
        6
      ]
    ],
    "16": [
      [
        16,
        9
      ],
      [
        44,
        7
      ],
      [
        6,
        7
      ],
      [
        35,
        7
      ],
      [
        24,
        7
      ],
      [
        11,
        6
      ],
      [
        15,
        6
      ],
      [
        54,
        6
      ]
    ],
    "17": [
      [
        30,
        9
      ],
      [
        46,
        7
      ],
      [
        28,
        7
      ],
      [
        12,
        7
      ],
      [
        59,
        6
      ],
      [
        37,
        6
      ],
      [
        10,
        6
      ],
      [
        43,
        6
      ]
    ],
    "18": [
      [
        31,
        8
      ],
      [
        1,
        7
      ],
      [
        56,
        7
      ],
      [
        47,
        7
      ],
      [
        36,
        6
      ],
      [
        45,
        6
      ],
      [
        43,
        6
      ],
      [
        18,
        6
      ]
    ],
    "19": [
      [
        57,
        9
      ],
      [
        25,
        9
      ],
      [
        9,
        9
      ],
      [
        4,
        7
      ],
      [
        32,
        7
      ],
      [
        41,
        7
      ],
      [
        3,
        7
      ],
      [
        1,
        7
      ]
    ],
    "20": [
      [
        52,
        8
      ],
      [
        37,
        8
      ],
      [
        21,
        7
      ],
      [
        33,
        7
      ],
      [
        5,
        7
      ],
      [
        51,
        7
      ],
      [
        0,
        6
      ],
      [
        41,
        6
      ]
    ],