{
  "model": "mixtral8x7b-instruct-v0.1",
  "model_path": "models/Mixtral-8x7B-Instruct-v0.1",
  "request_file": "data/prompts/wrec_dolly_debug_n64.jsonl",
  "output": "logs/processed/wrec/mixtral8x7b_dolly_probe_router_events_n4_mem48_20260501.jsonl",
  "phase": "prefill",
  "num_requests": 4,
  "num_failures": 0,
  "total_input_tokens": 189,
  "total_events": 6048,
  "num_experts": 8,
  "num_experts_per_tok": 2,
  "router_top_k": 2,
  "num_router_layers": 32,
  "elapsed_seconds": 42.84405420499388,
  "request_summaries": [
    {
      "request_id": "dolly-debug-000000",
      "input_tokens": 19,
      "events": 608,
      "trace_seconds": 32.76776008901652
    },
    {
      "request_id": "dolly-debug-000001",
      "input_tokens": 21,
      "events": 672,
      "trace_seconds": 3.2833935089875013
    },
    {
      "request_id": "dolly-debug-000002",
      "input_tokens": 128,
      "events": 4096,
      "trace_seconds": 3.385836742934771
    },
    {
      "request_id": "dolly-debug-000003",
      "input_tokens": 21,
      "events": 672,
      "trace_seconds": 3.4062064469326288
    }
  ],
  "layer_event_counts": {
    "0": 189,
    "1": 189,
    "2": 189,
    "3": 189,
    "4": 189,
    "5": 189,
    "6": 189,
    "7": 189,
    "8": 189,
    "9": 189,
    "10": 189,
    "11": 189,
    "12": 189,
    "13": 189,
    "14": 189,
    "15": 189,
    "16": 189,
    "17": 189,
    "18": 189,
    "19": 189,
    "20": 189,
    "21": 189,
    "22": 189,
    "23": 189,
    "24": 189,
    "25": 189,
    "26": 189,
    "27": 189,
    "28": 189,
    "29": 189,
    "30": 189,
    "31": 189
  },
  "top_experts_by_layer": {
    "0": [
      [
        4,
        74
      ],
      [
        5,
        60
      ],
      [
        7,
        54
      ],
      [
        6,
        50
      ],
      [
        2,
        39
      ],
      [
        0,
        37
      ],
      [
        1,
        34
      ],
      [
        3,
        30
      ]
    ],
    "1": [
      [
        0,
        66
      ],
      [
        4,
        55
      ],
      [
        2,
        55
      ],
      [
        3,
        50
      ],
      [
        6,
        43
      ],
      [
        5,
        38
      ],
      [
        1,
        37
      ],
      [
        7,
        34
      ]
    ],
    "2": [
      [
        3,
        64
      ],
      [
        7,
        57
      ],
      [
        4,
        51
      ],
      [
        6,
        50
      ],
      [
        1,
        46
      ],
      [
        5,
        42
      ],
      [
        0,
        39
      ],
      [
        2,
        29
      ]
    ],
    "3": [
      [
        0,
        76
      ],
      [
        6,
        63
      ],
      [
        4,
        53
      ],
      [
        5,
        48
      ],
      [
        7,
        48
      ],
      [
        3,
        37
      ],
      [
        1,
        36
      ],
      [
        2,
        17
      ]
    ],
    "4": [
      [
        1,
        67
      ],
      [
        4,
        63
      ],
      [
        3,
        52
      ],
      [
        0,
        51
      ],
      [
        2,
        48
      ],
      [
        6,
        42
      ],
      [
        7,
        32
      ],
      [
        5,
        23
      ]
    ],
    "5": [
      [
        2,
        71
      ],
      [
        0,
        59
      ],
      [
        7,
        58
      ],
      [
        3,
        53
      ],
      [
        6,
        39
      ],
      [
        1,
        34
      ],
      [
        4,
        33
      ],
      [
        5,
        31
      ]
    ],
    "6": [
      [
        2,
        95
      ],
      [
        5,
        79
      ],
      [
        7,
        65
      ],
      [
        6,
        45
      ],
      [
        4,
        26
      ],
      [
        3,
        25
      ],
      [
        1,
        22
      ],
      [
        0,
        21
      ]
    ],
    "7": [
      [
        2,
        90
      ],
      [
        5,
        86
      ],
      [
        3,
        56
      ],
      [
        0,
        41
      ],
      [
        6,
        34
      ],
      [
        4,
        34
      ],
      [
        1,
        25
      ],
      [
        7,
        12
      ]
    ],
    "8": [
      [
        1,
        67
      ],
      [
        6,
        66
      ],
      [
        3,
        56
      ],
      [
        5,
        51
      ],
      [
        0,
        47
      ],
      [
        7,
        42
      ],
      [
        4,
        42
      ],
      [
        2,
        7
      ]
    ],
    "9": [
      [
        6,
        77
      ],
      [
        1,
        74
      ],
      [
        7,
        62
      ],
      [
        0,
        54
      ],
      [
        5,
        42
      ],
      [
        4,
        37
      ],
      [
        3,
        20
      ],
      [
        2,
        12
      ]
    ],
    "10": [
      [
        2,
        62
      ],
      [
        7,
        62
      ],
      [
        4,
        55
      ],
      [
        0,
        55
      ],
      [
        3,
        47
      ],
      [
        6,
        43
      ],
      [
        1,
        38
      ],
      [
        5,
        16
      ]
    ],
    "11": [
      [
        2,
        77
      ],
      [
        1,
        59
      ],
      [
        5,
        57
      ],
      [
        6,
        45
      ],
      [
        4,
        39
      ],
      [
        7,
        38
      ],
      [
        0,
        33
      ],
      [
        3,
        30
      ]
    ],
    "12": [
      [
        1,
        118
      ],
      [
        3,
        64
      ],
      [
        0,
        45
      ],
      [
        4,
        40
      ],
      [
        2,
        38
      ],
      [
        5,
        30
      ],
      [
        7,
        26
      ],
      [
        6,
        17
      ]
    ],
    "13": [
      [
        2,
        61
      ],
      [
        0,
        59
      ],
      [
        1,
        56
      ],
      [
        7,
        50
      ],
      [
        3,
        44
      ],
      [
        6,
        42
      ],
      [
        5,
        38
      ],
      [
        4,
        28
      ]
    ],
    "14": [
      [
        4,
        74
      ],
      [
        5,
        72
      ],
      [
        7,
        50
      ],
      [
        0,
        44
      ],
      [
        6,
        43
      ],
      [
        2,
        41
      ],
      [
        3,
        36
      ],
      [
        1,
        18
      ]
    ],
    "15": [
      [
        1,
        77
      ],
      [
        4,
        62
      ],
      [
        2,
        57
      ],
      [
        7,
        47
      ],
      [
        5,
        39
      ],
      [
        3,
        37
      ],
      [
        0,
        36
      ],
      [
        6,
        23
      ]
    ],
    "16": [
      [
        6,
        77
      ],
      [
        5,
        75
      ],
      [
        0,
        60
      ],
      [
        3,
        49
      ],
      [
        1,
        47
      ],
      [
        7,
        32
      ],
      [
        4,
        26
      ],
      [
        2,
        12
      ]
    ],
    "17": [
      [
        7,
        96
      ],
      [
        6,
        65
      ],
      [
        5,
        55
      ],
      [
        4,
        48
      ],
      [
        2,
        40
      ],
      [
        0,
        35
      ],
      [
        3,
        31
      ],
      [
        1,
        8
      ]
    ],
    "18": [
      [
        0,
        69
      ],
      [
        7,
        61
      ],
      [
        1,
        53
      ],
      [
        5,
        49
      ],
      [
        4,
        44
      ],
      [
        3,
        40
      ],
      [
        2,
        34
      ],
      [
        6,
        28
      ]
    ],