{
  "fcfs_high_r3": {
    "strategy": "fcfs",
    "num_runs": 3,
    "files": [
      "results/tp2_fcfs_high_r1_20260424T092542Z_fcfs_high_summary.json",
      "results/tp2_fcfs_high_r2_20260424T092824Z_fcfs_high_summary.json",
      "results/tp2_fcfs_high_r3_20260424T093105Z_fcfs_high_summary.json"
    ],
    "throughput_tokens_per_s_mean": 15.64099956723382,
    "throughput_tokens_per_s_min": 15.548215720479174,
    "throughput_tokens_per_s_max": 15.713059035782695,
    "throughput_tokens_per_s_stdev": 0.08435315369964455,
    "avg_ttft_mean": 1.455124513970481,
    "avg_ttft_min": 1.3869324227174122,
    "avg_ttft_max": 1.5199990570545197,
    "avg_ttft_stdev": 0.06659532181648903,
    "p95_ttft_mean": 2.028908630212148,
    "p95_ttft_min": 1.6566306948661804,
    "p95_ttft_max": 2.250554060935974,
    "p95_ttft_stdev": 0.32435143714414644,
    "p99_ttft_mean": 2.1727323071161906,
    "p99_ttft_min": 1.857601554393768,
    "p99_ttft_max": 2.4084275555610657,
    "p99_ttft_stdev": 0.2838746561342878,
    "avg_tpot_mean": 0.3016619915257344,
    "avg_tpot_min": 0.30103605089521074,
    "avg_tpot_max": 0.3023726133817912,
    "avg_tpot_stdev": 0.0006722930927816308,
    "p95_tpot_mean": 0.3524969737907802,
    "p95_tpot_min": 0.35172751881182196,
    "p95_tpot_max": 0.35389036366509063,
    "p95_tpot_stdev": 0.0012089026139669777,
    "p99_tpot_mean": 0.355667060661923,
    "p99_tpot_min": 0.3518760806694627,
    "p99_tpot_max": 0.3587236668417851,
    "p99_tpot_stdev": 0.0034823609475925542,
    "total_output_tokens_mean": 1275.3333333333333,
    "total_output_tokens_min": 1272,
    "total_output_tokens_max": 1278,
    "total_output_tokens_stdev": 3.0550504633038935,
    "wall_time_mean": 81.53934303919475,
    "wall_time_min": 81.21711277961731,
    "wall_time_max": 82.06729459762573,
    "wall_time_stdev": 0.46091563275671443
  },
  "length_only_high_r3": {
    "strategy": "length_only",
    "num_runs": 3,
    "files": [
      "results/tp2_length_only_server_high_r1_20260424T093356Z_length_only_high_summary.json",
      "results/tp2_length_only_server_high_r2_20260424T093644Z_length_only_high_summary.json",
      "results/tp2_length_only_server_high_r3_20260424T093925Z_length_only_high_summary.json"
    ],
    "throughput_tokens_per_s_mean": 15.971187468091573,
    "throughput_tokens_per_s_min": 15.68065075142332,
    "throughput_tokens_per_s_max": 16.119758615901034,
    "throughput_tokens_per_s_stdev": 0.2516338534807975,
    "avg_ttft_mean": 1.4535684552457597,
    "avg_ttft_min": 1.4381044407685597,
    "avg_ttft_max": 1.462221880753835,
    "avg_ttft_stdev": 0.013423889877401847,
    "p95_ttft_mean": 1.749218221505483,
    "p95_ttft_min": 1.701587450504303,
    "p95_ttft_max": 1.7771424412727357,
    "p95_ttft_stdev": 0.0414535918667616,
    "p99_ttft_mean": 1.9419146434466044,
    "p99_ttft_min": 1.8460379934310913,
    "p99_ttft_max": 1.993924033641815,
    "p99_ttft_stdev": 0.08313135741348376,
    "avg_tpot_mean": 0.30626113006859845,
    "avg_tpot_min": 0.30150656880255333,
    "avg_tpot_max": 0.30868831861058055,
    "avg_tpot_stdev": 0.00411787328894528,
    "p95_tpot_mean": 0.3552703217056379,
    "p95_tpot_min": 0.3546858616021215,
    "p95_tpot_max": 0.35561559206177706,
    "p95_tpot_stdev": 0.0005089287605751819,
    "p99_tpot_mean": 0.35981964934439886,
    "p99_tpot_min": 0.35969148374739146,
    "p99_tpot_max": 0.36006306608517963,
    "p99_tpot_stdev": 0.00021090395455002268,
    "total_output_tokens_mean": 1332.0,
    "total_output_tokens_min": 1284,
    "total_output_tokens_max": 1356,
    "total_output_tokens_stdev": 41.569219381653056,
    "wall_time_mean": 83.38652483622234,
    "wall_time_min": 81.88435673713684,
    "wall_time_max": 84.15485143661499,
    "wall_time_stdev": 1.3010299973453332
  },
  "qwen_router_affinity_high_r3": {
    "strategy": "qwen_router_affinity",
    "num_runs": 3,
    "files": [
      "results/tp2_moe_affinity_server_high_r1_20260426T123703Z_moe_affinity_high_summary.json",
      "results/tp2_moe_affinity_server_high_r1_20260426T124108Z_moe_affinity_high_summary.json",
      "results/tp2_moe_affinity_server_high_r2_20260426T124349Z_moe_affinity_high_summary.json"
    ],
    "throughput_tokens_per_s_mean": 15.63065041960887,
    "throughput_tokens_per_s_min": 15.520048964796867,
    "throughput_tokens_per_s_max": 15.68908686809435,
    "throughput_tokens_per_s_stdev": 0.09583498370421421,
    "avg_ttft_mean": 1.4209377666314442,
    "avg_ttft_min": 1.3724641700585682,
    "avg_ttft_max": 1.452479620774587,
    "avg_ttft_stdev": 0.04261022194969214,
    "p95_ttft_mean": 1.7994552890459694,
    "p95_ttft_min": 1.702140438556671,
    "p95_ttft_max": 1.9508209228515618,
    "p95_ttft_stdev": 0.13285936624910602,
    "p99_ttft_mean": 1.9889785846074421,
    "p99_ttft_min": 1.7620097875595093,
    "p99_ttft_max": 2.358352868556976,
    "p99_ttft_stdev": 0.3226697376391988,
    "avg_tpot_mean": 0.30225417972134916,
    "avg_tpot_min": 0.3012330127604785,
    "avg_tpot_max": 0.3041817296872444,
    "avg_tpot_stdev": 0.0016702935348006755,
    "p95_tpot_mean": 0.35722738437788193,
    "p95_tpot_min": 0.3545951981781697,
    "p95_tpot_max": 0.35995383740079645,
    "p95_tpot_stdev": 0.0026805630481367025,
    "p99_tpot_mean": 0.36029153197019514,
    "p99_tpot_min": 0.3588969656033084,
    "p99_tpot_max": 0.3622334894537925,
    "p99_tpot_stdev": 0.001734308400257181,
    "total_output_tokens_mean": 1277.0,
    "total_output_tokens_min": 1267,
    "total_output_tokens_max": 1284,
    "total_output_tokens_stdev": 8.888194417315589,
    "wall_time_mean": 81.69822184244792,
    "wall_time_min": 81.61799812316895,
    "wall_time_max": 81.84032702445984,
    "wall_time_stdev": 0.12340794812240077
  }
}
